<botcomponent_aipluginoperationset>
  <botcomponent_aipluginoperation aipluginoperationid.aiplugin.name="msdynaip_StageAFetchCopilotComponentDetails_1760803431462" aipluginoperationid.operationid="msdynaip_StageAFetchCopilotComponentDetails_1760803431462" botcomponentid.schemaname="cr306_agentReviewer.action.StageA-FetchCopilotComponentDetails">
    <iscustomizable>1</iscustomizable>
  </botcomponent_aipluginoperation>
  <botcomponent_aipluginoperation aipluginoperationid.aiplugin.name="msdynaip_StageBCopilotPatternEvaluationPrompt_1760861060595" aipluginoperationid.operationid="msdynaip_StageBCopilotPatternEvaluationPrompt_1760861060595" botcomponentid.schemaname="cr306_agentReviewer.action.StageB-CopilotPatternEvaluation">
    <iscustomizable>1</iscustomizable>
  </botcomponent_aipluginoperation>
  <botcomponent_aipluginoperation aipluginoperationid.aiplugin.name="msdynaip_StageCAgentReviewReportGeneration_1760882637666" aipluginoperationid.operationid="msdynaip_StageCAgentReviewReportGeneration_1760882637666" botcomponentid.schemaname="cr306_agentReviewer.action.StageC-AgentReviewReportGeneration">
    <iscustomizable>1</iscustomizable>
  </botcomponent_aipluginoperation>
</botcomponent_aipluginoperationset>