<ImportExportXml version="9.2.25101.138" SolutionPackageVersion="9.2" languagecode="1033" generatedBy="CrmLive" xmlns:xsi="http://www.w3.org/2001/XMLSchema-instance" OrganizationVersion="9.2.25101.138" OrganizationSchemaType="Standard" CRMServerServiceabilityVersion="9.2.25102.00138">
  <SolutionManifest>
    <UniqueName>AgentReviewTool</UniqueName>
    <LocalizedNames>
      <LocalizedName description="Agent Review Tool" languagecode="1033" />
    </LocalizedNames>
    <Descriptions />
    <Version>1.0.0.2</Version>
    <Managed>0</Managed>
    <Publisher>
      <UniqueName>PowerCat</UniqueName>
      <LocalizedNames>
        <LocalizedName description="PowerCAT" languagecode="1033" />
      </LocalizedNames>
      <Descriptions>
        <Description description="PowerCAT" languagecode="1033" />
      </Descriptions>
      <EMailAddress xsi:nil="true"></EMailAddress>
      <SupportingWebsiteUrl>https://aka.ms/WhoIsPowerCAT</SupportingWebsiteUrl>
      <CustomizationPrefix>cat</CustomizationPrefix>
      <CustomizationOptionValuePrefix>33535</CustomizationOptionValuePrefix>
      <Addresses>
        <Address>
          <AddressNumber>1</AddressNumber>
          <AddressTypeCode>1</AddressTypeCode>
          <City xsi:nil="true"></City>
          <County xsi:nil="true"></County>
          <Country xsi:nil="true"></Country>
          <Fax xsi:nil="true"></Fax>
          <FreightTermsCode xsi:nil="true"></FreightTermsCode>
          <ImportSequenceNumber xsi:nil="true"></ImportSequenceNumber>
          <Latitude xsi:nil="true"></Latitude>
          <Line1 xsi:nil="true"></Line1>
          <Line2 xsi:nil="true"></Line2>
          <Line3 xsi:nil="true"></Line3>
          <Longitude xsi:nil="true"></Longitude>
          <Name xsi:nil="true"></Name>
          <PostalCode xsi:nil="true"></PostalCode>
          <PostOfficeBox xsi:nil="true"></PostOfficeBox>
          <PrimaryContactName xsi:nil="true"></PrimaryContactName>
          <ShippingMethodCode>1</ShippingMethodCode>
          <StateOrProvince xsi:nil="true"></StateOrProvince>
          <Telephone1 xsi:nil="true"></Telephone1>
          <Telephone2 xsi:nil="true"></Telephone2>
          <Telephone3 xsi:nil="true"></Telephone3>
          <TimeZoneRuleVersionNumber xsi:nil="true"></TimeZoneRuleVersionNumber>
          <UPSZone xsi:nil="true"></UPSZone>
          <UTCOffset xsi:nil="true"></UTCOffset>
          <UTCConversionTimeZoneCode xsi:nil="true"></UTCConversionTimeZoneCode>
        </Address>
        <Address>
          <AddressNumber>2</AddressNumber>
          <AddressTypeCode>1</AddressTypeCode>
          <City xsi:nil="true"></City>
          <County xsi:nil="true"></County>
          <Country xsi:nil="true"></Country>
          <Fax xsi:nil="true"></Fax>
          <FreightTermsCode xsi:nil="true"></FreightTermsCode>
          <ImportSequenceNumber xsi:nil="true"></ImportSequenceNumber>
          <Latitude xsi:nil="true"></Latitude>
          <Line1 xsi:nil="true"></Line1>
          <Line2 xsi:nil="true"></Line2>
          <Line3 xsi:nil="true"></Line3>
          <Longitude xsi:nil="true"></Longitude>
          <Name xsi:nil="true"></Name>
          <PostalCode xsi:nil="true"></PostalCode>
          <PostOfficeBox xsi:nil="true"></PostOfficeBox>
          <PrimaryContactName xsi:nil="true"></PrimaryContactName>
          <ShippingMethodCode>1</ShippingMethodCode>
          <StateOrProvince xsi:nil="true"></StateOrProvince>
          <Telephone1 xsi:nil="true"></Telephone1>
          <Telephone2 xsi:nil="true"></Telephone2>
          <Telephone3 xsi:nil="true"></Telephone3>
          <TimeZoneRuleVersionNumber xsi:nil="true"></TimeZoneRuleVersionNumber>
          <UPSZone xsi:nil="true"></UPSZone>
          <UTCOffset xsi:nil="true"></UTCOffset>
          <UTCConversionTimeZoneCode xsi:nil="true"></UTCConversionTimeZoneCode>
        </Address>
      </Addresses>
    </Publisher>
    <RootComponents>
      <RootComponent type="1" schemaName="cat_agentreviewdetail" behavior="0" />
      <RootComponent type="29" id="{3b131928-8094-f011-b41c-6045bdef4136}" behavior="0" />
      <RootComponent type="401" id="{6a468cc0-f628-43b3-93c4-d003f1536678}" behavior="0" />
      <RootComponent type="401" id="{78f117f0-481a-4325-b6c1-aa3ac2487121}" behavior="0" />
      <RootComponent type="401" id="{b141656b-8546-437a-968e-94cce6c8be1c}" behavior="0" />
    </RootComponents>
    <MissingDependencies>
      <MissingDependency>
        <Required type="90" schemaName="Microsoft.Dynamics.AI.Plugins.CustomApis.AIPluginPredict, Microsoft.Dynamics.AI.Plugins, Version=1.0.0.0, Culture=neutral, PublicKeyToken=31bf3856ad364e35" displayName="Microsoft.Dynamics.AI.Plugins.CustomApis.AIPluginPredict" solution="msdyn_AISolution (202507.1.4.2)" id="{727e8789-bd29-46fa-b00a-3a49605eeb06}">
          <package appName="PowerAI" version="202509.2.2.1">msdyn_AISolutionAnchor (202509.2.2.1)</package>
        </Required>
        <Dependent type="CustomAPI" displayName="msdyn_aibdptagentreviewreportgeneration6a468cc0f62843b393c4d003f1536678" id.uniquename="msdyn_aibdptagentreviewreportgeneration6a468cc0f62843b393c4d003f1536678" />
      </MissingDependency>
      <MissingDependency>
        <Required type="90" schemaName="Microsoft.Dynamics.AI.Plugins.CustomApis.AIPluginPredict, Microsoft.Dynamics.AI.Plugins, Version=1.0.0.0, Culture=neutral, PublicKeyToken=31bf3856ad364e35" displayName="Microsoft.Dynamics.AI.Plugins.CustomApis.AIPluginPredict" solution="msdyn_AISolution (202507.1.4.2)" id="{727e8789-bd29-46fa-b00a-3a49605eeb06}">
          <package appName="PowerAI" version="202509.2.2.1">msdyn_AISolutionAnchor (202509.2.2.1)</package>
        </Required>
        <Dependent type="CustomAPI" displayName="msdyn_aibdptcopilotpatternevaluationpromptb141656b8546437a968e94cce6c8be1c" id.uniquename="msdyn_aibdptcopilotpatternevaluationpromptb141656b8546437a968e94cce6c8be1c" />
      </MissingDependency>
      <MissingDependency>
        <Required type="90" schemaName="Microsoft.Dynamics.AI.Plugins.CustomApis.AIPluginPredict, Microsoft.Dynamics.AI.Plugins, Version=1.0.0.0, Culture=neutral, PublicKeyToken=31bf3856ad364e35" displayName="Microsoft.Dynamics.AI.Plugins.CustomApis.AIPluginPredict" solution="msdyn_AISolution (202507.1.4.2)" id="{727e8789-bd29-46fa-b00a-3a49605eeb06}">
          <package appName="PowerAI" version="202509.2.2.1">msdyn_AISolutionAnchor (202509.2.2.1)</package>
        </Required>
        <Dependent type="CustomAPI" displayName="msdyn_aibdptfetchcopilotcomponentdetails78f117f0481a4325b6c1aa3ac2487121" id.uniquename="msdyn_aibdptfetchcopilotcomponentdetails78f117f0481a4325b6c1aa3ac2487121" />
      </MissingDependency>
    </MissingDependencies>
  </SolutionManifest>
</ImportExportXml>